{
  "states": [
    "sunny",
    "cloudy",
    "rainy",
    "stormy",
    "foggy"
  ],
  "matrix": {
    "sunny": {
      "sunny": 0.44067359092646285,
      "cloudy": 0.2524289323287349,
      "rainy": 0.12563215729690394,
      "foggy": 0.1653327215897179,
      "stormy": 0.015932597858180342
    },
    "cloudy": {
      "cloudy": 0.14787278627928363,
      "rainy": 0.24227621536115243,
      "stormy": 0.08215437179419925,
      "sunny": 0.44207769110023537,
      "foggy": 0.0856189354651294
    },
    "rainy": {
      "rainy": 0.30599173067024776,
      "stormy": 0.2875329020360052,
      "cloudy": 0.22554321699400193,
      "sunny": 0.18093215029974505
    },
    "stormy": {
      "stormy": 0.1965561472809195,
      "rainy": 0.37227742797410973,
      "cloudy": 0.26397285332600023,
      "sunny": 0.16719357141897057
    },
    "foggy": {
      "foggy": 0.1897908447118186,
      "cloudy": 0.363442763845223,
      "rainy": 0.08771333198462292,
      "sunny": 0.3590530594583355
    }
  }
}